,,,Volumen Producido (m3) - 3130 - Acumulado,,,,,,,,,,,,,,,,,
,Cod. Loc.,Nombre Localidad,"2,013","2,014","2,015",2T 2016,,,Cod EPS,Siglas EPS,"2,013","2,014","2,015",2T 2016,,,,,,
1,"1,001",CHACHAPOYAS,"1,767","1,749","1,749",881,,,1,EMUSAP S.R.L.,"1,767","1,749","1,749",881,,,1.767374,1.749352,1.74898006,0.88053091
2,"2,001",HUANUCO,"12,073","12,124","11,996","6,020",,,2,SEDA HUÁNUCO S.A.,"16,765","16,813","16,369","8,195",,,12.0729164,12.12371933,11.9964502,6.020130392
2,"2,002",TINGO MARIA,"3,880","3,891","3,529","1,746",,,3,EMAPACOP S.A.,"14,198","15,876","12,735","6,127",,,3.87996042,3.89099835,3.52936279,1.746104963
2,"2,003",AUCAYACU,813,798,843,429,,,4,SEDALORETO S.A.,"34,694","36,550","34,307","17,300",,,0.81256988,0.7978658,0.84317949,0.42914909
3,"3,001",PUCALLPA,"14,198","15,876","12,735","6,127",,,5,EMAPA CAÑETE S.A.,"13,057","12,240","12,085","6,088",,,14.198027,15.876134,12.73496,6.127212
4,"4,001",IQUITOS,"31,859","33,328","30,654","15,482",,,6,EMSA PUNO S.A.,"9,258","7,969","8,143","4,168",,,31.859337,33.328157,30.653839,15.481879
4,"4,002",YURIMAGUAS,"2,377","2,660","3,037","1,600",,,7,EPSSMU S.R.L.,"2,501","2,459","1,920","1,143",,,2.376862,2.66011,3.037041,1.600114
4,"4,003",REQUENA,458,562,616,218,,,8,ATUSA,"20,576","19,229","19,354","9,569",,,0.458063,0.562103051,0.615977,0.217841
5,,NINGUNO,0,0,0,0,,,9,EMAPA PASCO S.A.,"2,028","1,929","1,973",972,,,0,0,0,0
5,"5,001",SAN VICENTE,"2,712","2,653","2,338","1,313",,,10,EMAPISCO S.A.,"12,499","8,764","6,181","3,043",,,2.71160434,2.65305809,2.33836609,1.313254853
5,"5,002",LUNAHUANA,312,311,312,153,,,11,SEDACAJ S.A.,"9,185","8,936","9,273","4,875",,,0.31220585,0.3112064,0.3122064,0.15300252
5,"5,003",IMPERIAL,"4,089","4,239","4,170","2,004",,,12,EPS TACNA S.A.,"20,518","20,223","20,541","10,560",,,4.0886424,4.23855072,4.1702436,2.00371482
5,"5,004",SAN LUIS,"2,078","1,325","1,252",614,,,13,EMAPAVIGS S.A.C.,"2,400","2,694","2,401","1,225",,,2.0780928,1.32509944,1.2519792,0.61355556
5,"5,005",CERRO AZUL,846,861,861,422,,,14,SEDACHIMBOTE S.A.,"26,822","29,898","32,251","15,598",,,0.84593376,0.8609328,0.8609328,0.42191604
5,"5,006",MALA,"1,613","1,454","1,704",862,,,15,SEDA AYACUCHO S.A.,"14,566","16,636","17,664","8,954",,,1.61341468,1.45361426,1.70391003,0.861954264
5,"5,007",SAN ANTONIO,294,300,315,160,,,16,EMAPA SAN MARTIN S.A.,"12,988","12,748","12,792","6,788",,,0.2941866,0.2995389,0.3148668,0.15963075
5,"5,008",SANTA CRUZ DE FLORES,197,212,219,106,,,17,EMAPAT S.R.L.,"4,918","4,631","4,972","2,641",,,0.19693122,0.21239322,0.21943773,0.1059913
5,"5,009",QUILMANA,705,697,779,385,,,18,SEMAPACH S.A.,"18,202","17,090","13,651","5,280",,,0.70548941,0.69666506,0.77900619,0.385042875
5,,SAN MARCOS DE LA AGUADA,0,0,0,0,,,19,EPS SELVA CENTRAL S.A.,"13,915","14,724","16,736","7,837",,,0,0,0,0
5,"5,010",ASIA,210,189,134,70,,,20,EPS MOYOBAMBA S.R.L.,"3,438","3,553","3,609","1,763",,,0.21025123,0.18928424,0.13385646,0.07034523
5,,CHILCA,0,0,0,0,,,21,EMAPA HUANCAVELICA S.A.,"3,637","3,640","3,680","1,731",,,0,0,0,0
5,,CALANGO,0,0,0,0,,,22,EPS MOQUEGUA S.A.,"7,159","7,304","7,605","3,817",,,0,0,0,0
6,"6,001",PUNO,"7,572","7,764","7,937","4,066",,,23,EMAPA Y S.R.L.,"1,076","1,040","1,086",520,,,7.57175363,7.76351761,7.937108085,4.06575951
6,,JULI,0,0,0,0,,,24,EMAPA HUARAL S.A.,"6,685","6,883","6,888","3,522",,,0,0,0,0
6,"6,002",ILAVE,"1,480",0,0,0,,,25,EMAPA HUACHO S.A.,"7,473","7,725","7,358","3,925",,,1.479846,0,0,0
6,"6,003",DESAGUADERO,206,206,206,102,,,26,SEDAPAL ,"590,621","687,477","713,459","370,723",,,0.206063,0.2057905,0.2063031,0.101969
7,"7,001",BAGUA GRANDE,"2,501","2,459","1,920","1,143",,,27,EPS ILO S.A.,"6,519","6,846","6,617","3,694",,,2.501392,2.45872,1.920059,1.143314063
8,"8,001",TUMBES,"9,096","7,079","7,200","3,589",,,28,SEDALIB S.A.,"50,452","53,370","56,014","30,439",,,9.09554602,7.07901052,7.2002471,3.58864954
8,"8,002",SAN JUAN DE LA VIRGEN,584,658,597,235,,,29,EPSEL S.A.,"51,482","51,592","51,639","25,942",,,0.584207,0.657928,0.597489,0.23542618
8,"8,003",PAMPAS  DE HOSPITAL,497,447,461,219,,,30,SEDAPAR S.A.,"66,886","66,005","73,757","39,311",,,0.49662404,0.4471052,0.46084036,0.21896924
8,"8,004",PUERTO PIZARRO,676,647,604,321,,,31,SEDACUSCO S.A.,"20,452","21,217","20,650","10,693",,,0.676216,0.64736639,0.60421408,0.32074656
8,"8,005",NUEVO TUMBES,"1,754","1,958","1,720",873,,,32,EPS GRAU S.A.,"79,249","79,913","80,733","39,548",,,1.754326,1.958176,1.71994314,0.87256482
8,"8,006",CORRALES,"1,496","2,192","2,100","1,077",,,33,EPS CHAVIN S.A.,"11,172","11,950","11,451","6,133",,,1.495864,2.19195306,2.1001676,1.07659548
8,"8,007",SAN JACINTO,447,326,299,153,,,34,EMAQ S.R.L.,"7,355","7,351","8,063","3,875",,,0.447427,0.3261165,0.2986348,0.1525506
8,"8,008",LA CRUZ,710,706,682,332,,,35,EMAPAB S.R.L.,"2,997","2,593","2,226","1,038",,,0.71045478,0.70638008,0.682373,0.33181028
8,"8,009",ZORRITOS,"1,392","1,432","1,483",659,,,36,SEMAPA BARRANCA S.A.,"9,529","9,066","8,594","4,249",,,1.3924922,1.4318144,1.4825204,0.6586734
8,"8,010",CANOAS DE PUNTA SAL,254,242,510,270,,,37,EMAPICA S.A.,"20,160","20,792","19,360","9,622",,,0.2542154,0.24202426,0.50984,0.270103
8,"8,011",ZARUMILLA,"2,093","2,011","2,119","1,057",,,38,EMPSSAPAL S.A.,"3,105","3,115","3,326","1,718",,,2.09348232,2.01121184,2.1185936,1.05712032
8,"8,012",AGUAS VERDES,970,921,906,433,,,39,EPS SIERRA CENTRAL S.A.,"3,971","3,955","3,946","1,982",,,0.97044303,0.92077453,0.90596946,0.4327815
8,"8,013",PAPAYAL,564,569,635,332,,,40,EPS NOR PUNO S.A.,"1,717","1,268","1,217",612,,,0.56404495,0.56890806,0.6346183,0.3318
8,,POCITOS,0,0,0,0,,,41,SEDAJULIACA S.A.,"10,007","10,340","10,641","5,206",,,0,0,0,0
8,"8,014",MATAPALO,40,41,38,21,,,42,EPS MANTARO S.A.,"7,985","8,466","9,165","4,074",,,0.04031449,0.04054925,0.03809416,0.02088
9,"9,001",CERRO DE PASCO,"2,028","1,929","1,973",972,,,43,EMUSAP ABANCAY S.A.C.,"4,681","5,124","5,042","2,485",,,2.027726,1.92896325,1.972511,0.971924
9,,VICCO,0,0,0,0,,,44,EMSAP CHANKA S.C.R.L.,"1,251","1,144","1,507",707,,,0,0,0,0
9,,HUARIACA,0,0,0,0,,,45,EPS MARAÑON S.R.L.,"8,984","6,248","7,360","3,954",,,0,0,0,0
10,"10,001",PISCO,"10,290","7,186","4,133","2,017",,,46,SEDAM HUANCAYO S.A.,"26,599","30,410","29,800","14,977",,,10.28969364,7.18609325,4.132644,2.016588388
10,,INDEPENDENCIA,0,0,0,0,,,47,EMSAPA CALCA S.R.L.,"1,983",0,"1,464",716,,,0,0,0,0
10,"10,002",SAN ANDRES,0,731,0,0,,,48,EPS AGUAS DEL ALTIPLANO S.R.L.,"1,247",891,"1,394",784,,,0,0.730738,0,0
10,,TUPAC AMARU INCA,0,0,0,0,,,50,EMSAPA YAULI S.R.L.,659,663,545,277,,,0,0,0,0
10,"10,003",LA VILLA TUPAC AMARU,"2,209",847,"2,049","1,027",,,51,SEDAPAR S.R.L.,"1,714","1,375","1,374","1,481",,,2.20921071,0.84685,2.048516,1.026507398
11,"11,001",CAJAMARCA,"8,854","8,587","8,951","4,711",,,,,,,,,,,8.854167,8.586516,8.950823,4.7111244
11,"11,002",CONTUMAZA,148,164,125,62,,,,,,,,,,,0.148077,0.164301667,0.125449,0.0619164
11,"11,003",SAN MIGUEL,183,185,197,102,,,,,,,,,,,0.182957,0.184910667,0.196599167,0.102066
12,"12,001",TACNA,"20,151","19,886","20,248","10,411",,,,,,,,,,,20.15131386,19.88609832,20.24798183,10.41145567
12,"12,002",PACHIA,224,193,173,95,,,,,,,,,,,0.22405402,0.19346936,0.172650134,0.09505695
12,"12,003",LOCUMBA,143,144,121,54,,,,,,,,,,,0.142979,0.14392432,0.120503607,0.053983
13,"13,001",NASCA,"2,400","2,694","2,401","1,225",,,,,,,,,,,2.40017588,2.694327839,2.40116714,1.225285381
14,"14,001",CHIMBOTE,"23,877","26,580","28,780","14,106",,,,,,,,,,,23.8767746,26.579873,28.77997,14.105729
14,"14,002",CASMA,"1,851","1,991","1,861",890,,,,,,,,,,,1.850608,1.990851,1.861129,0.890246
14,"14,003",HUARMEY,"1,095","1,327","1,610",602,,,,,,,,,,,1.095091,1.326989,1.609894,0.6018443
15,"15,001",HUAMANGA,"12,649","14,857","15,676","7,946",,,,,,,,,,,12.64900965,14.856977,15.676232,7.94586
15,"15,002",HUANTA,"1,917","1,779","1,987","1,008",,,,,,,,,,,1.916567,1.778939,1.987467,1.007953
16,"16,001",TARAPOTO,"10,056","9,817","9,803","5,245",,,,,,,,,,,10.05588381,9.817018,9.802697,5.24471
16,,JUANJUI,0,0,0,0,,,,,,,,,,,0,0,0,0
16,,RIOJA,0,0,0,0,,,,,,,,,,,0,0,0,0
16,"16,002",SAPOSOA,792,721,798,404,,,,,,,,,,,0.792172,0.72092,0.797557,0.40447
16,"16,003",LAMAS,864,895,825,414,,,,,,,,,,,0.86356,0.8949,0.8245715,0.41446
16,"16,004",SAN JOSE DE SISA,501,521,447,225,,,,,,,,,,,0.501369,0.521016,0.446936,0.225492
16,,PICOTA,0,0,0,0,,,,,,,,,,,0,0,0,0
16,"16,005",BELLAVISTA,775,794,920,499,,,,,,,,,,,0.77524,0.79386,0.920152,0.49909
16,,TOCACHE,0,0,0,0,,,,,,,,,,,0,0,0,0
17,"17,001",PUERTO MALDONADO,"4,918","4,631","4,972","2,641",,,,,,,,,,,4.917756,4.63060765,4.97221,2.6412698
18,"18,001",CHINCHA ALTA,"8,144","7,492","6,092","2,366",,,,,,,,,,,8.14438198,7.49218544,6.092419645,2.36642016
18,"18,002",TAMBO DE MORA,319,495,280,101,,,,,,,,,,,0.319407,0.494756,0.28014484,0.101003346
18,,EL CARMEN - NO ACTIVO,0,0,0,0,,,,,,,,,,,0,0,0,0
18,"18,003",CHINCHA BAJA,901,853,674,214,,,,,,,,,,,0.90097,0.853074,0.6744807,0.21427714
18,"18,004",PUEBLO NUEVO,"5,020","4,667","3,685","1,435",,,,,,,,,,,5.02027668,4.66665076,3.684637455,1.43533618
18,"18,005",GROCIO PRADO,"1,825","1,718","1,373",528,,,,,,,,,,,1.82492422,1.71784581,1.37261759,0.527968855
18,"18,006",SUNAMPE,"1,502","1,408","1,157",471,,,,,,,,,,,1.50205698,1.40764851,1.157385935,0.4713928
18,"18,007",ALTO LARAN,489,458,389,164,,,,,,,,,,,0.48949718,0.45810402,0.388882155,0.16387509
19,"19,001",LA MERCED,"1,993","1,865","1,929","1,119",,,,,,,,,,,1.99274786,1.86483244,1.928534,1.119390162
19,"19,002",SAN RAMON,"2,926","2,835","2,832","1,416",,,,,,,,,,,2.92571288,2.83466304,2.83187376,1.415953132
19,,VITOC,0,0,0,0,,,,,,,,,,,0,0,0,0
19,,PERENE,0,0,0,0,,,,,,,,,,,0,0,0,0
19,"19,003",PICHANAKI,"1,955","2,136","3,585","1,056",,,,,,,,,,,1.954983,2.1356126,3.584977091,1.055553235
19,,SANTA ROSA,0,0,0,0,,,,,,,,,,,0,0,0,0
19,"19,004",OXAPAMPA,"3,108","1,659","2,054","1,023",,,,,,,,,,,3.108083,1.65888,2.053806545,1.022531974
19,"19,005",VILLA RICA,"1,638","2,490","2,502","1,253",,,,,,,,,,,1.637581,2.4897342,2.502269673,1.252823079
19,"19,006",SATIPO,"2,296","3,740","3,835","1,971",,,,,,,,,,,2.295854,3.739926,3.834865091,1.970766596
19,,PANGOA,0,0,0,0,,,,,,,,,,,0,0,0,0
19,,MAZAMARI,0,0,0,0,,,,,,,,,,,0,0,0,0
20,"20,001",MOYOBAMBA,"3,438","3,553","3,609","1,763",,,,,,,,,,,3.43813027,3.552769675,3.60938021,1.762899244
20,,SORITOR,0,0,0,0,,,,,,,,,,,0,0,0,0
21,"21,001",HUANCAVELICA,"3,637","3,640","3,680","1,731",,,,,,,,,,,3.6367002,3.6399892,3.68007,1.731146025
21,,IZCUCHACA,0,0,0,0,,,,,,,,,,,0,0,0,0
21,,ACOBAMBA,0,0,0,0,,,,,,,,,,,0,0,0,0
21,,CASTROVIRREYNA,0,0,0,0,,,,,,,,,,,0,0,0,0
22,"22,001",MOQUEGUA,"7,159","7,304","7,605","3,817",,,,,,,,,,,7.159143,7.304143,7.605053,3.816606917
23,"23,001",YUNGUYO,"1,076","1,040","1,086",520,,,,,,,,,,,1.07622148,1.03983075,1.0864646,0.520378148
24,"24,001",HUARAL,"6,685","6,883","6,888","3,522",,,,,,,,,,,6.684945,6.8832315,6.887623,3.522068519
25,"25,001",SAYAN,334,351,310,166,,,,,,,,,,,0.334124,0.350519,0.309961,0.166125
25,"25,002",VEGUETA,379,426,440,218,,,,,,,,,,,0.37854481,0.426333303,0.44037614,0.217692028
25,"25,003",HUACHO,"6,760","6,949","6,607","3,542",,,,,,,,,,,6.75993222,6.94862217,6.60734783,3.541589378
26,"26,001",CARABAYLLO,0,0,0,0,,,,,,,,,,,0,0,0,0
26,"26,002",COMAS,0,0,0,0,,,,,,,,,,,0,0,0,0
26,"26,003",PUENTE PIEDRA,0,0,0,0,,,,,,,,,,,0,0,0,0
26,"26,004",RIMAC,0,0,0,0,,,,,,,,,,,0,0,0,0
26,"26,005",INDEPENDENCIA,0,0,0,0,,,,,,,,,,,0,0,0,0
26,"26,006",SAN MARTIN DE PORRES,0,0,0,0,,,,,,,,,,,0,0,0,0
26,"26,007",LOS OLIVOS,0,0,0,0,,,,,,,,,,,0,0,0,0
26,"26,008",ANCON,0,0,0,0,,,,,,,,,,,0,0,0,0
26,"26,009",SANTA ROSA,0,0,0,0,,,,,,,,,,,0,0,0,0
26,"26,010",CALLAO,0,0,0,0,,,,,,,,,,,0,0,0,0
26,"26,011",BELLAVISTA,0,0,0,0,,,,,,,,,,,0,0,0,0
26,"26,012",CARMEN DE LA LEGUA,0,0,0,0,,,,,,,,,,,0,0,0,0
26,"26,013",LA PERLA,0,0,0,0,,,,,,,,,,,0,0,0,0
26,"26,014",LA PUNTA,0,0,0,0,,,,,,,,,,,0,0,0,0
26,"26,015",VENTANILLA,0,0,0,0,,,,,,,,,,,0,0,0,0
26,"26,016",EL CERCADO,0,0,0,0,,,,,,,,,,,0,0,0,0
26,"26,017",BREÑA,0,0,0,0,,,,,,,,,,,0,0,0,0
26,"26,018",JESUS MARÍA,0,0,0,0,,,,,,,,,,,0,0,0,0
26,"26,019",LA VICTORIA,0,0,0,0,,,,,,,,,,,0,0,0,0
26,"26,020",MAGDALENA DEL MAR,0,0,0,0,,,,,,,,,,,0,0,0,0
26,"26,021",PUEBLO LIBRE,0,0,0,0,,,,,,,,,,,0,0,0,0
26,"26,022",SAN MIGUEL,0,0,0,0,,,,,,,,,,,0,0,0,0
26,"26,023",ATE-VITARTE,0,0,0,0,,,,,,,,,,,0,0,0,0
26,"26,024",CHACLACAYO,0,0,0,0,,,,,,,,,,,0,0,0,0
26,"26,025",CIENEGUILLA,0,0,0,0,,,,,,,,,,,0,0,0,0
26,"26,026",EL AGUSTINO,"590,621","687,477","713,459","370,723",,,,,,,,,,,590.621393,687.476754,713.459163,370.72269
26,"26,027",LA MOLINA,0,0,0,0,,,,,,,,,,,0,0,0,0
26,"26,028",LURIGANCHO,0,0,0,0,,,,,,,,,,,0,0,0,0
26,"26,029",SAN LUIS,0,0,0,0,,,,,,,,,,,0,0,0,0
26,"26,030",SANTA ANITA,0,0,0,0,,,,,,,,,,,0,0,0,0
26,"26,031",SAN JUAN DE LURIGANCHO,0,0,0,0,,,,,,,,,,,0,0,0,0
26,"26,032",LURIN,0,0,0,0,,,,,,,,,,,0,0,0,0
26,"26,033",PACHACAMAC,0,0,0,0,,,,,,,,,,,0,0,0,0
26,"26,034",PUCUSANA,0,0,0,0,,,,,,,,,,,0,0,0,0
26,"26,035",SAN JUAN DE MIRAFLORES,0,0,0,0,,,,,,,,,,,0,0,0,0
26,"26,036",VILLA MARIA DEL TRIUNFO,0,0,0,0,,,,,,,,,,,0,0,0,0
26,"26,037",VILLA EL SALVADOR,0,0,0,0,,,,,,,,,,,0,0,0,0
26,"26,038",BARRANCO,0,0,0,0,,,,,,,,,,,0,0,0,0
26,"26,039",CHORRILLOS,0,0,0,0,,,,,,,,,,,0,0,0,0
26,"26,040",LINCE,0,0,0,0,,,,,,,,,,,0,0,0,0
26,"26,041",MIRAFLORES,0,0,0,0,,,,,,,,,,,0,0,0,0
26,"26,042",SAN BORJA,0,0,0,0,,,,,,,,,,,0,0,0,0
26,"26,043",SAN ISIDRO,0,0,0,0,,,,,,,,,,,0,0,0,0
26,"26,044",SURCO,0,0,0,0,,,,,,,,,,,0,0,0,0
26,"26,045",SURQUILLO,0,0,0,0,,,,,,,,,,,0,0,0,0
26,"26,046",PUNTA NEGRA,0,0,0,0,,,,,,,,,,,0,0,0,0
26,"26,047",PUNTA HERMOSA,0,0,0,0,,,,,,,,,,,0,0,0,0
26,"26,048",SAN BARTOLO,0,0,0,0,,,,,,,,,,,0,0,0,0
26,"26,049",MI PERÚ,0,0,0,0,,,,,,,,,,,0,0,0,0
27,"27,001",ILO,"6,519","6,846","6,617","3,694",,,,,,,,,,,6.519023,6.845766,6.617498,3.694193185
28,"28,001",TRUJILLO,"23,733","25,226","25,916","13,551",,,,,,,,,,,23.73304712,25.22567631,25.91647416,13.55075822
28,,PACASMAYO,0,0,0,0,,,,,,,,,,,0,0,0,0
28,"28,002",CHEPEN,"2,459","2,673","2,926","1,498",,,,,,,,,,,2.45898266,2.6731252,2.92597988,1.497514286
28,,VIRU,0,0,0,0,,,,,,,,,,,0,0,0,0
28,,CHAO,0,0,0,0,,,,,,,,,,,0,0,0,0
28,"28,003",HUANCHACO,"1,462","1,615","1,695",894,,,,,,,,,,,1.46215183,1.615377,1.6946884,0.893626
28,"28,004",MOCHE,"1,396","1,477","1,320",697,,,,,,,,,,,1.396483,1.477345,1.320179,0.697243556
28,"28,005",SALAVERRY,"1,032","1,027",929,458,,,,,,,,,,,1.03229708,1.027467,0.92880488,0.45789184
28,,GUADALUPE,0,0,0,0,,,,,,,,,,,0,0,0,0
28,,SAN PEDRO DE LLOC,0,0,0,0,,,,,,,,,,,0,0,0,0
28,"28,006",CHOCOPE,462,429,483,264,,,,,,,,,,,0.46167107,0.429404,0.4827534,0.264303304
28,"28,007",PUERTO MALABRIGO,376,404,314,173,,,,,,,,,,,0.3762058,0.4035168,0.31373904,0.172781181
28,"28,008",PAIJAN,633,615,951,363,,,,,,,,,,,0.63341316,0.6146068,0.95128036,0.363230007
28,"28,009",LA ESPERANZA,"6,853","7,402","8,733","5,253",,,,,,,,,,,6.85295616,7.401997,8.732991,5.252773111
28,"28,010",EL PORVENIR,"6,093","6,443","6,728","3,817",,,,,,,,,,,6.09283294,6.44314256,6.727634,3.816697444
28,"28,011",FLORENCIA DE MORA,"1,383","1,533","1,270",788,,,,,,,,,,,1.382925,1.53288,1.26963,0.788243852
28,,CHICAMA,0,0,0,0,,,,,,,,,,,0,0,0,0
28,"28,012",PACANGUILLA,265,246,262,129,,,,,,,,,,,0.26484935,0.24637,0.262054,0.12851237
28,"28,013",VICTOR LARCO,"4,304","4,279","4,488","2,555",,,,,,,,,,,4.30422431,4.27895474,4.4880228,2.555381578
29,"29,001",CHICLAYO,"35,670","35,111","33,897","16,970",,,,,,,,,,,35.67038338,35.11085403,33.89657584,16.96959014
29,"29,002",LAMBAYEQUE,"3,735","3,840","3,753","2,047",,,,,,,,,,,3.7347034,3.840043,3.753104,2.046837797
29,"29,003",FERREÑAFE,"2,139","2,512","2,379","1,185",,,,,,,,,,,2.1392283,2.5123371,2.3793549,1.184661229
29,"29,004",PIMENTEL,0,0,"1,132",520,,,,,,,,,,,0,0,1.132415031,0.520156696
29,,CHONGOYAPE,0,0,0,0,,,,,,,,,,,0,0,0,0
29,"29,005",ETEN,472,525,448,207,,,,,,,,,,,0.47199,0.525174,0.448192,0.2066388
29,"29,006",MONSEFU,"1,143","1,115","1,347",624,,,,,,,,,,,1.142865,1.1150475,1.347408,0.6241668
29,"29,007",ETEN PUERTO,245,266,263,144,,,,,,,,,,,0.245425,0.265657,0.263104,0.1438776
29,"29,008",NUEVA ARICA,215,201,198,96,,,,,,,,,,,0.215317,0.2012205,0.197884,0.0962604
29,"29,009",OYOTUN,520,517,416,220,,,,,,,,,,,0.519834,0.5165545,0.416293,0.2198052
29,"29,010",PICSI,293,341,362,182,,,,,,,,,,,0.29278571,0.34079071,0.362379,0.181717771
29,"29,011",REQUE,376,444,542,285,,,,,,,,,,,0.376306,0.444286,0.541834,0.2849784
29,"29,012",ZAÑA,250,253,265,137,,,,,,,,,,,0.249914,0.253413,0.264705,0.1370376
29,"29,013",SANTA ROSA,437,455,411,196,,,,,,,,,,,0.436853,0.4546875,0.410768,0.1961988
29,"29,014",ILLIMO,321,289,282,138,,,,,,,,,,,0.32082909,0.2886831,0.2823874,0.138389491
29,,PALLANCA,0,0,0,0,,,,,,,,,,,0,0,0,0
29,"29,015",MOCHUMI,315,264,338,171,,,,,,,,,,,0.31547896,0.26414417,0.33754593,0.171194347
29,"29,016",MOTUPE,"1,186","1,213","1,393",712,,,,,,,,,,,1.18636988,1.21315871,1.393022374,0.711877246
29,"29,017",OLMOS,770,"1,169","1,054",526,,,,,,,,,,,0.76957369,1.16918424,1.05438216,0.525728818
29,"29,018",PACORA,215,280,180,91,,,,,,,,,,,0.2153167,0.280058,0.180109,0.0910889
29,"29,019",SALAS,52,52,49,24,,,,,,,,,,,0.0517931,0.05238752,0.04878304,0.024261997
29,"29,020",SAN JOSE,492,682,711,356,,,,,,,,,,,0.49174808,0.68175342,0.7106959,0.35568912
29,"29,021",TUCUME,383,401,387,193,,,,,,,,,,,0.38276163,0.4005013,0.387251345,0.193344334
29,,MORROPE,0,0,0,0,,,,,,,,,,,0,0,0,0
29,,Desconocido,0,0,0,0,,,,,,,,,,,0,0,0,0
29,"29,022",POSOPE ALTO,688,577,505,250,,,,,,,,,,,0.6876097,0.5771227,0.50533206,0.250132034
29,"29,023",BATAN GRANDE,199,161,134,66,,,,,,,,,,,0.19869609,0.16100279,0.13426342,0.065871777
29,"29,024",JAYANCA,590,650,550,272,,,,,,,,,,,0.589717,0.64968,0.550048,0.271614587
29,"29,025",MOCUPE,320,274,276,147,,,,,,,,,,,0.319972,0.274048667,0.275664,0.1466892
29,"29,026",PAMPA GRANDE,456,0,365,184,,,,,,,,,,,0.45608508,0,0.365007925,0.18407841
30,"30,001",AREQUIPA METROPOLITANA,"58,236","57,384","63,377","34,175",,,,,,,,,,,58.23646033,57.38400187,63.37722356,34.17500685
30,"30,002",LA JOYA,675,618,577,286,,,,,,,,,,,0.675109,0.617727,0.577182,0.285749
30,"30,003",CAMANA,"1,019","1,016","1,101",596,,,,,,,,,,,1.0185075,1.0155941,1.1006281,0.5963778
30,"30,004",CARAVELI,463,482,402,212,,,,,,,,,,,0.462718,0.48178,0.40188,0.21169
30,"30,005",ATICO,180,176,180,88,,,,,,,,,,,0.180291,0.176259,0.180363,0.088219
30,"30,006",CHALA,63,65,61,36,,,,,,,,,,,0.063009,0.0654591,0.060819,0.0357
30,"30,007",YAUCA,116,111,100,53,,,,,,,,,,,0.115795,0.110643,0.09956,0.053198
30,"30,008",APLAO,571,556,487,250,,,,,,,,,,,0.57121214,0.55592478,0.486562,0.2502458
30,"30,009",CHIVAY,442,273,282,141,,,,,,,,,,,0.442286,0.27258,0.281651,0.140631
30,,NO ACTIVO (CAYLLOMA),0,0,0,0,,,,,,,,,,,0,0,0,0
30,"30,010",EL PEDREGAL,702,852,"1,033",548,,,,,,,,,,,0.701687,0.851947,1.033295,0.547874
30,"30,011",CHUQUIBAMBA,166,171,175,90,,,,,,,,,,,0.165522,0.17089,0.174626,0.089754
30,"30,012",MOLLENDO,"2,558","2,517","3,749","1,695",,,,,,,,,,,2.557562,2.51730337,3.749497,1.694545
30,"30,013",COCACHACRA,368,339,441,251,,,,,,,,,,,0.367858,0.338574148,0.440839,0.250899333
30,"30,014",LA CURVA,97,86,111,58,,,,,,,,,,,0.09658888,0.086253784,0.110692,0.057907
30,"30,015",MATARANI,531,695,587,237,,,,,,,,,,,0.530988,0.694659984,0.586882,0.236746
30,"30,016",MEJIA,70,79,473,242,,,,,,,,,,,0.069726,0.078549,0.472546,0.242301
30,"30,017",PUNTA DE BOMBON,327,283,311,216,,,,,,,,,,,0.3265124,0.282619704,0.311278,0.216011
30,"30,018",EL ARENAL,110,108,133,59,,,,,,,,,,,0.10962561,0.108178984,0.132721,0.05895
30,"30,019",COTAHUASI,194,196,179,80,,,,,,,,,,,0.194273,0.19616,0.1791,0.079515
31,"31,001",CUSCO,"20,197","20,943","20,281","10,516",,,,,,,,,,,20.19672409,20.9434053,20.28071127,10.51581672
31,,ACOMAYO,0,0,0,0,,,,,,,,,,,0,0,0,0
31,,URUBAMBA,0,0,0,0,,,,,,,,,,,0,0,0,0
31,"31,002",PAUCARTAMBO,256,273,369,177,,,,,,,,,,,0.2555971,0.27321015,0.36948131,0.17671232
31,,HUAROCONDO,0,0,0,0,,,,,,,,,,,0,0,0,0
32,"32,001",PIURA,"27,608","25,974","26,568","13,494",,,,,,,,,,,27.60799791,25.97438736,26.56761738,13.49355804
32,"32,002",SULLANA,"12,094","12,437","12,781","5,894",,,,,,,,,,,12.093605,12.436653,12.780827,5.893892
32,"32,003",TALARA,"8,196","8,026","8,750","4,136",,,,,,,,,,,8.196243,8.026007,8.750462515,4.13570546
32,"32,004",CHULUCANAS,"2,365","2,171","2,229","1,038",,,,,,,,,,,2.365319,2.171296,2.229321,1.038379
32,"32,005",QUERECOTILLO,478,460,407,164,,,,,,,,,,,0.478189,0.45971725,0.4068233,0.163784
32,"32,006",MARCAVELICA,"1,945","1,837","1,231",537,,,,,,,,,,,1.944632,1.837083,1.23054,0.536553
32,"32,007",CATACAOS,"3,202","3,343","3,214","1,465",,,,,,,,,,,3.20165716,3.34344084,3.2135588,1.465218
32,"32,008",TAMARINDO,323,346,352,178,,,,,,,,,,,0.323457,0.34622,0.351505,0.17782
32,"32,009",LAS LOMAS,"1,121",972,889,418,,,,,,,,,,,1.121201,0.972059,0.8891339,0.4175827
32,"32,010",LANCONES,70,69,68,33,,,,,,,,,,,0.0698,0.069185,0.0683847,0.032987
32,"32,011",SALITRAL,353,314,285,123,,,,,,,,,,,0.3532,0.314,0.284668,0.123
32,"32,012",MORROPON,546,541,523,247,,,,,,,,,,,0.546078,0.54095,0.523153,0.246621
32,"32,013",YACILA,93,86,94,46,,,,,,,,,,,0.093285,0.085516,0.093921,0.046274
32,"32,014",COLAN,386,407,421,229,,,,,,,,,,,0.385717,0.407474,0.421199,0.228779
32,"32,015",PUEBLO NUEVO,941,"1,003","1,021",488,,,,,,,,,,,0.941317,1.002873,1.021025,0.488286
32,"32,016",EL ARENAL,310,351,346,170,,,,,,,,,,,0.30968,0.351092,0.34596,0.169857
32,"32,017",VIVIATE,438,458,443,173,,,,,,,,,,,0.437938,0.458158,0.442566,0.172628
32,"32,018",AMOTAPE,201,175,146,69,,,,,,,,,,,0.201121,0.174651,0.145823,0.068882
32,"32,019",EL TAMBO,57,59,56,28,,,,,,,,,,,0.056961,0.059269,0.055905,0.028022
32,"32,020",MIRAMAR,281,278,268,136,,,,,,,,,,,0.281324,0.277983,0.268193,0.13563
32,"32,021",LA HUACA,397,382,381,153,,,,,,,,,,,0.396614,0.381893,0.381273,0.153121
32,"32,022",VICHAYAL,337,329,322,155,,,,,,,,,,,0.33706,0.328631,0.322228,0.155389
32,"32,023",NEGRITOS,"1,106","1,174","1,065",465,,,,,,,,,,,1.106314,1.173567,1.0653856,0.4648534
32,,EL ALTO,0,0,0,0,,,,,,,,,,,0,0,0,0
32,"32,024",MANCORA,"1,240","1,445","1,161",812,,,,,,,,,,,1.24024,1.44540404,1.161200585,0.81245736
32,"32,025",LOS ORGANOS,333,313,241,186,,,,,,,,,,,0.333238,0.31276345,0.24087732,0.1862606
32,"32,026",PAITA,"5,702","5,934","5,934","2,586",,,,,,,,,,,5.702188,5.933749,5.933994,2.585631
32,"32,027",CASTILLA,"9,124","11,029","11,537","6,126",,,,,,,,,,,9.12428395,11.02897476,11.53724525,6.12641686
32,,LOBITOS,0,0,0,0,,,,,,,,,,,0,0,0,0
33,"33,001",HUARAZ,"9,036","9,814","9,297","5,142",,,,,,,,,,,9.035795,9.813877,9.2965,5.142462593
33,"33,002",AIJA,287,296,249,122,,,,,,,,,,,0.286622,0.295737444,0.2488215,0.121828222
33,"33,003",CARAZ,"1,037","1,049","1,151",629,,,,,,,,,,,1.036817,1.049001889,1.151346,0.628506889
33,,YUNGAY,0,0,0,0,,,,,,,,,,,0,0,0,0
33,,RECUAY,0,0,0,0,,,,,,,,,,,0,0,0,0
33,"33,004",CHIQUIAN,813,792,754,240,,,,,,,,,,,0.8132,0.791741111,0.75448,0.240424815
34,"34,001",QUILLABAMBA,"7,355","7,351","8,063","3,875",,,,,,,,,,,7.355304,7.351074963,8.063131,3.875146
35,"35,001",BAGUA,"2,997","2,593","2,226","1,038",,,,,,,,,,,2.996605,2.592593,2.2259465,1.0383215
36,"36,001",BARRANCA,"8,001","7,623","7,069","3,482",,,,,,,,,,,8.001218,7.62254,7.068757,3.482255904
36,"36,002",SUPE,"1,527","1,443","1,526",766,,,,,,,,,,,1.527349,1.443365,1.5255,0.766335
37,"37,001",ICA,"17,215","17,892","16,496","8,175",,,,,,,,,,,17.215169,17.89165419,16.496345,8.174557662
37,"37,002",PALPA,837,701,770,396,,,,,,,,,,,0.837022,0.701321407,0.7700328,0.396118524
37,"37,003",PARCONA,"1,984","2,068","1,962",985,,,,,,,,,,,1.98449745,2.068284912,1.9622965,0.985499554
37,"37,004",LOS AQUIJES,123,130,131,66,,,,,,,,,,,0.123029,0.130364,0.1314,0.065876501
37,,INACTIVO (SANTIAGO),0,0,0,0,,,,,,,,,,,0,0,0,0
38,"38,001",SICUANI,"2,602","2,545","2,865","1,471",,,,,,,,,,,2.60238788,2.544668477,2.86511435,1.4714555
38,"38,002",SANTO TOMAS,502,571,461,246,,,,,,,,,,,0.50222352,0.570757012,0.4612422,0.2463665
39,"39,001",TARMA,"3,971","3,955","3,946","1,982",,,,,,,,,,,3.97068952,3.954782787,3.94577095,1.98249728
40,"40,001",AZANGARO,"1,325",838,801,402,,,,,,,,,,,1.32541525,0.8378665,0.800854,0.401869283
40,,LAMPA,0,0,0,0,,,,,,,,,,,0,0,0,0
40,,CARABAYA,0,0,0,0,,,,,,,,,,,0,0,0,0
40,,SANDIA,0,0,0,0,,,,,,,,,,,0,0,0,0
40,,PUTINA,0,0,0,0,,,,,,,,,,,0,0,0,0
40,"40,002",HUANCANE,391,430,417,210,,,,,,,,,,,0.391299,0.4304947,0.416502,0.210215813
41,"41,001",JULIACA,"10,007","10,340","10,641","5,206",,,,,,,,,,,10.00665,10.34038,10.641358,5.205656
42,"42,001",JAUJA,"2,587","3,096","3,101","1,466",,,,,,,,,,,2.586722,3.096144,3.10121627,1.4663657
42,"42,002",CHUPACA,"2,359","2,540","2,503","1,246",,,,,,,,,,,2.3591935,2.5399695,2.50250873,1.245514192
42,"42,003",CONCEPCION,"3,039","2,830","3,562","1,363",,,,,,,,,,,3.039211,2.83001432,3.56153012,1.36258716
43,"43,001",ABANCAY,"4,681","5,124","5,042","2,485",,,,,,,,,,,4.68062,5.123799,5.041511,2.484795
44,"44,001",ANDAHUAYLAS,"1,251","1,144","1,507",707,,,,,,,,,,,1.251256017,1.14358716,1.506988262,0.706894316
45,"45,001",JAEN,"5,432","4,914","5,790","2,855",,,,,,,,,,,5.432373461,4.914476889,5.78952,2.855476667
45,"45,002",BELLAVISTA,"2,939",749,729,377,,,,,,,,,,,2.938961,0.748782222,0.729172112,0.37716
45,"45,003",SAN IGNACIO,612,585,841,721,,,,,,,,,,,0.612462601,0.584988333,0.841438,0.721339444
46,"46,001",HUANCAYO,"18,690","21,657","22,638","10,909",,,,,,,,,,,18.68995262,21.65715421,22.63767405,10.9090528
46,"46,002",EL TAMBO,"6,910","7,541","6,089","3,588",,,,,,,,,,,6.909966,7.5413385,6.089438727,3.588032333
46,"46,003",CHILCA,522,711,547,253,,,,,,,,,,,0.521791,0.710832933,0.54715328,0.253190185
46,"46,004",HUANCÁN ,0,0,0,0,,,,,,,,,,,0,0,0,0
46,"46,005",CAJAS,0,0,0,0,,,,,,,,,,,0,0,0,0
46,"46,006",ORCOTUNA ,257,251,300,84,,,,,,,,,,,0.256749,0.25118,0.300227,0.084376296
46,"46,007",VIQUES,220,250,226,142,,,,,,,,,,,0.220127,0.24965,0.225858657,0.142345444
46,"46,008",HUACRAPUQUIO,0,0,0,0,,,,,,,,,,,0,0,0,0
47,"47,001",CALCA,"1,983",0,"1,464",716,,,,,,,,,,,1.98288,0,1.464132,0.715906
48,"48,001",AYAVIRI,"1,247",891,"1,394",784,,,,,,,,,,,1.246615,0.89068321,1.393634,0.784284
50,"50,001",LA OROYA,659,663,545,277,,,,,,,,,,,0.659213,0.663406667,0.544502,0.277327
51,"51,001",RIOJA,"1,714","1,375","1,374","1,481",,,,,,,,,,,1.714201,1.3749345,1.373628,1.481204
