gene	position	entropy
E	71	0.020
M	3	0.359
M	23	0.020
M	33	0.020
M	63	0.036
M	69	0.020
M	128	0.020
M	155	0.020
M	213	0.020
N	2	0.020
N	18	0.020
N	19	0.020
N	22	0.020
N	25	0.020
N	28	0.089
N	46	0.020
N	67	0.020
N	79	0.020
N	103	0.020
N	120	0.020
N	128	0.020
N	141	0.020
N	145	0.020
N	185	0.020
N	190	0.020
N	193	0.051
N	194	0.020
N	197	0.089
N	199	0.020
N	202	0.020
N	203	0.557
N	204	0.557
N	208	0.020
N	209	0.036
N	220	0.020
N	242	0.020
N	267	0.020
N	270	0.020
N	280	0.020
N	294	0.020
N	322	0.020
N	339	0.020
N	355	0.020
N	362	0.020
N	366	0.020
N	371	0.040
N	379	0.020
N	383	0.040
N	391	0.020
N	414	0.020
N	416	0.020
ORF10	7	0.020
ORF10	19	0.020
ORF10	22	0.020
ORF10	23	0.020
ORF10	30	0.020
ORF10	34	0.020
ORF10	37	0.020
ORF10	38	0.020
ORF3a	13	0.064
ORF3a	16	0.020
ORF3a	23	0.020
ORF3a	27	0.040
ORF3a	28	0.020
ORF3a	35	0.020
ORF3a	39	0.020
ORF3a	43	0.051
ORF3a	53	0.020
ORF3a	54	0.020
ORF3a	55	0.020
ORF3a	57	0.133
ORF3a	64	0.020
ORF3a	65	0.020
ORF3a	66	0.036
ORF3a	68	0.020
ORF3a	73	0.020
ORF3a	74	0.036
ORF3a	86	0.020
ORF3a	89	0.036
ORF3a	90	0.051
ORF3a	96	0.020
ORF3a	98	0.020
ORF3a	106	0.020
ORF3a	125	0.020
ORF3a	147	0.020
ORF3a	166	0.036
ORF3a	174	0.020
ORF3a	175	0.036
ORF3a	176	0.020
ORF3a	180	0.051
ORF3a	181	0.051
ORF3a	182	0.036
ORF3a	185	0.051
ORF3a	186	0.020
ORF3a	195	0.020
ORF3a	196	0.089
ORF3a	202	0.020
ORF3a	213	0.020
ORF3a	223	0.084
ORF3a	224	0.036
ORF3a	240	0.040
ORF3a	247	0.020
ORF3a	251	0.020
ORF3a	259	0.020
ORF3a	264	0.020
ORF6	10	0.020
ORF6	34	0.020
ORF6	49	0.020
ORF6	61	0.020
ORF7a	7	0.051
ORF7a	8	0.020
ORF7a	11	0.020
ORF7a	22	0.036
ORF7a	29	0.216
ORF7a	38	0.020
ORF7a	45	0.020
ORF7a	57	0.020
ORF7a	62	0.020
ORF7a	99	0.020
ORF7a	105	0.020
ORF8	6	0.020
ORF8	9	0.020
ORF8	27	0.036
ORF8	51	0.020
ORF8	54	0.020
ORF8	65	0.051
ORF8	67	0.020
ORF8	73	0.020
ORF8	81	0.020
ORF8	84	0.172
ORF8	94	0.020
ORF8	96	0.036
S	5	0.143
S	12	0.020
S	19	0.020
S	21	0.020
S	49	0.020
S	51	0.020
S	54	0.020
S	75	0.020
S	76	0.020
S	77	0.051
S	82	0.020
S	83	0.020
S	95	0.036
S	119	0.271
S	138	0.020
S	152	0.036
S	153	0.020
S	171	0.020
S	222	0.020
S	254	0.036
S	299	0.051
S	309	0.020
S	382	0.020
S	384	0.020
S	406	0.020
S	445	0.020
S	468	0.056
S	484	0.036
S	558	0.036
S	614	0.199
S	624	0.020
S	631	0.020
S	658	0.020
S	672	0.020
S	677	0.051
S	681	0.040
S	719	0.036
S	731	0.020
S	769	0.020
S	772	0.020
S	780	0.020
S	852	0.036
S	854	0.020
S	903	0.020
S	1020	0.020
S	1063	0.020
S	1078	0.163
S	1091	0.020
S	1097	0.020
S	1104	0.020
S	1115	0.020
S	1163	0.020
S	1167	0.020
S	1174	0.020
S	1188	0.036
S	1200	0.036
S	1229	0.051
S	1237	0.036
S	1252	0.020
S	1254	0.020
S	1263	0.036
S	1264	0.020
orf1ab	2	0.020
orf1ab	17	0.020
orf1ab	24	0.020
orf1ab	45	0.020
orf1ab	61	0.020
orf1ab	83	0.020
orf1ab	93	0.020
orf1ab	110	0.036
orf1ab	113	0.020
orf1ab	178	0.020
orf1ab	182	0.020
orf1ab	183	0.036
orf1ab	193	0.020
orf1ab	207	0.036
orf1ab	212	0.020
orf1ab	224	0.020
orf1ab	265	0.020
orf1ab	269	0.036
orf1ab	295	0.036
orf1ab	305	0.020
orf1ab	316	0.020
orf1ab	318	0.020
orf1ab	337	0.020
orf1ab	374	0.020
orf1ab	380	0.020
orf1ab	386	0.020
orf1ab	391	0.020
orf1ab	392	0.040
orf1ab	398	0.020
orf1ab	405	0.036
orf1ab	406	0.040
orf1ab	420	0.020
orf1ab	445	0.036
orf1ab	473	0.051
orf1ab	506	0.020
orf1ab	516	0.020
orf1ab	519	0.036
orf1ab	538	0.020
orf1ab	550	0.020
orf1ab	568	0.020
orf1ab	580	0.020
orf1ab	592	0.020
orf1ab	639	0.020
orf1ab	666	0.020
orf1ab	680	0.020
orf1ab	697	0.020
orf1ab	708	0.020
orf1ab	713	0.020
orf1ab	735	0.020
orf1ab	747	0.036
orf1ab	789	0.020
orf1ab	807	0.020
orf1ab	845	0.020
orf1ab	868	0.020
orf1ab	874	0.036
orf1ab	876	0.020
orf1ab	911	0.020
orf1ab	929	0.036
orf1ab	939	0.020
orf1ab	942	0.020
orf1ab	943	0.036
orf1ab	944	0.036
orf1ab	949	0.020
orf1ab	951	0.020
orf1ab	971	0.020
orf1ab	992	0.020
orf1ab	1018	0.020
orf1ab	1022	0.020
orf1ab	1025	0.020
orf1ab	1056	0.036
orf1ab	1073	0.020
orf1ab	1074	0.051
orf1ab	1088	0.020
orf1ab	1110	0.020
orf1ab	1125	0.020
orf1ab	1147	0.020
orf1ab	1155	0.020
orf1ab	1157	0.036
orf1ab	1160	0.020
orf1ab	1164	0.020
orf1ab	1168	0.036
orf1ab	1174	0.020
orf1ab	1175	0.020
orf1ab	1181	0.020
orf1ab	1197	0.020
orf1ab	1220	0.020
orf1ab	1246	0.692
orf1ab	1276	0.036
orf1ab	1305	0.020
orf1ab	1339	0.020
orf1ab	1395	0.020
orf1ab	1497	0.020
orf1ab	1502	0.020
orf1ab	1517	0.020
orf1ab	1522	0.020
orf1ab	1583	0.020
orf1ab	1589	0.020
orf1ab	1620	0.036
orf1ab	1633	0.020
orf1ab	1647	0.020
orf1ab	1655	0.020
orf1ab	1692	0.020
orf1ab	1693	0.020
orf1ab	1822	0.020
orf1ab	1844	0.051
orf1ab	1851	0.020
orf1ab	1874	0.036
orf1ab	1881	0.199
orf1ab	1898	0.020
orf1ab	1921	0.051
orf1ab	1978	0.036
orf1ab	1997	0.036
orf1ab	2016	0.040
orf1ab	2024	0.036
orf1ab	2083	0.020
orf1ab	2092	0.051
orf1ab	2093	0.036
orf1ab	2097	0.020
orf1ab	2105	0.020
orf1ab	2106	0.020
orf1ab	2146	0.051
orf1ab	2166	0.020
orf1ab	2183	0.051
orf1ab	2249	0.020
orf1ab	2279	0.020
orf1ab	2287	0.020
orf1ab	2294	0.020
orf1ab	2365	0.020
orf1ab	2405	0.020
orf1ab	2460	0.020
orf1ab	2489	0.020
orf1ab	2495	0.020
orf1ab	2500	0.051
orf1ab	2501	0.020
orf1ab	2511	0.020
orf1ab	2532	0.020
orf1ab	2535	0.020
orf1ab	2554	0.020
orf1ab	2589	0.051
orf1ab	2605	0.020
orf1ab	2609	0.020
orf1ab	2625	0.020
orf1ab	2632	0.020
orf1ab	2705	0.020
orf1ab	2717	0.020
orf1ab	2726	0.020
orf1ab	2794	0.020
orf1ab	2825	0.020
orf1ab	2854	0.051
orf1ab	2862	0.020
orf1ab	2877	0.020
orf1ab	2894	0.020
orf1ab	2904	0.020
orf1ab	2934	0.020
orf1ab	2967	0.020
orf1ab	3027	0.020
orf1ab	3038	0.051
orf1ab	3052	0.020
orf1ab	3071	0.089
orf1ab	3076	0.020
orf1ab	3086	0.020
orf1ab	3149	0.020
orf1ab	3182	0.036
orf1ab	3201	0.020
orf1ab	3212	0.020
orf1ab	3220	0.020
orf1ab	3233	0.020
orf1ab	3244	0.020
orf1ab	3254	0.020
orf1ab	3255	0.089
orf1ab	3278	0.693
orf1ab	3312	0.036
orf1ab	3313	0.020
orf1ab	3324	0.020
orf1ab	3332	0.020
orf1ab	3334	0.313
orf1ab	3352	0.020
orf1ab	3353	0.153
orf1ab	3392	0.036
orf1ab	3395	0.020
orf1ab	3420	0.020
orf1ab	3496	0.020
orf1ab	3497	0.089
orf1ab	3518	0.036
orf1ab	3536	0.020
orf1ab	3541	0.020
orf1ab	3601	0.036
orf1ab	3606	0.077
orf1ab	3652	0.020
orf1ab	3657	0.020
orf1ab	3667	0.020
orf1ab	3686	0.020
orf1ab	3687	0.020
orf1ab	3718	0.051
orf1ab	3757	0.020
orf1ab	3759	0.020
orf1ab	3763	0.020
orf1ab	3794	0.020
orf1ab	3808	0.036
orf1ab	3810	0.020
orf1ab	3868	0.020
orf1ab	3875	0.020
orf1ab	3919	0.051
orf1ab	3930	0.020
orf1ab	3963	0.020
orf1ab	3976	0.020
orf1ab	3993	0.036
orf1ab	4064	0.020
orf1ab	4075	0.020
orf1ab	4083	0.020
orf1ab	4087	0.020
orf1ab	4090	0.036
orf1ab	4129	0.036
orf1ab	4136	0.020
orf1ab	4197	0.153
orf1ab	4220	0.020
orf1ab	4247	0.020
orf1ab	4273	0.020
orf1ab	4316	0.020
orf1ab	4354	0.036
orf1ab	4357	0.051
orf1ab	4364	0.020
orf1ab	4460	0.020
orf1ab	4479	0.020
orf1ab	4483	0.020
orf1ab	4484	0.020
orf1ab	4498	0.036
orf1ab	4565	0.036
orf1ab	4577	0.020
orf1ab	4584	0.020
orf1ab	4619	0.020
orf1ab	4696	0.020
orf1ab	4703	0.020
orf1ab	4711	0.020
orf1ab	4715	0.191
orf1ab	4855	0.036
orf1ab	4980	0.020
orf1ab	5005	0.271
orf1ab	5007	0.020
orf1ab	5039	0.020
orf1ab	5060	0.020
orf1ab	5091	0.020
orf1ab	5129	0.020
orf1ab	5195	0.036
orf1ab	5214	0.020
orf1ab	5305	0.020
orf1ab	5318	0.020
orf1ab	5404	0.036
orf1ab	5429	0.036
orf1ab	5440	0.020
orf1ab	5480	0.020
orf1ab	5490	0.020
orf1ab	5534	0.020
orf1ab	5538	0.020
orf1ab	5557	0.020
orf1ab	5566	0.020
orf1ab	5674	0.020
orf1ab	5680	0.020
orf1ab	5688	0.020
orf1ab	5690	0.020
orf1ab	5692	0.020
orf1ab	5722	0.020
orf1ab	5753	0.040
orf1ab	5782	0.020
orf1ab	5784	0.020
orf1ab	5790	0.020
orf1ab	5798	0.020
orf1ab	5828	0.036
orf1ab	5829	0.020
orf1ab	5833	0.040
orf1ab	5865	0.036
orf1ab	5912	0.036
orf1ab	5922	0.064
orf1ab	5941	0.036
orf1ab	5948	0.036
orf1ab	5956	0.020
orf1ab	5968	0.020
orf1ab	5997	0.020
orf1ab	6016	0.020
orf1ab	6038	0.020
orf1ab	6046	0.020
orf1ab	6077	0.020
orf1ab	6098	0.020
orf1ab	6102	0.143
orf1ab	6143	0.020
orf1ab	6145	0.020
orf1ab	6149	0.020
orf1ab	6345	0.020
orf1ab	6381	0.020
orf1ab	6394	0.020
orf1ab	6410	0.020
orf1ab	6434	0.020
orf1ab	6461	0.051
orf1ab	6485	0.036
orf1ab	6488	0.020
orf1ab	6512	0.020
orf1ab	6606	0.020
orf1ab	6614	0.020
orf1ab	6657	0.020
orf1ab	6709	0.020
orf1ab	6734	0.020
orf1ab	6741	0.051
orf1ab	6772	0.020
orf1ab	6830	0.064
orf1ab	6831	0.020
orf1ab	6956	0.208
orf1ab	6961	0.036
orf1ab	6986	0.036
orf1ab	7013	0.020
orf1ab	7014	0.020
orf1ab	7031	0.020
orf1ab	7034	0.051
orf1ab	7065	0.020
orf1ab	7068	0.020
orf1ab	7088	0.020